codISBN;titolo;anno
7313646580;Libro di Quasi;2016
6726515966;Libro di Ex;1996
4683935600;Libro di Voluptatum;2011
7422990551;Libro di Voluptatibus;2015
3362646960;Libro di Saepe;2019
5673181221;Libro di Dignissimos;2006
2388450337;Libro di Culpa;2015
9594878379;Libro di Illum;2024
7279140605;Libro di Esse;1993
8543865915;Libro di Illum;2018
4264134512;Libro di Architecto;2003
6532043071;Libro di Consequuntur;2021
1521521078;Libro di Omnis;2005
4048494026;Libro di Error;2009
3365835550;Libro di Rem;2016
1400330495;Libro di Maxime;1997
4574027737;Libro di Voluptatibus;2021
8324687182;Libro di Doloremque;2016
8880079328;Libro di Asperiores;2020
6341783555;Libro di Eos;1999
2647489402;Libro di Voluptates;2022
5594799319;Libro di Nobis;2016
5305985001;Libro di Optio;2009
8129391249;Libro di Ea;1999
7375197714;Libro di Nobis;2011
7628981661;Libro di Voluptate;2019
9301537234;Libro di Perferendis;2002
2644847276;Libro di Nam;2016
5482431018;Libro di Consequatur;2020
8779941999;Libro di Fuga;2014
5948254671;Libro di Omnis;1992
8924383984;Libro di Magnam;1996
2962491159;Libro di Placeat;1999
1662976399;Libro di Libero;2020
6433231472;Libro di Officia;2015
3791027186;Libro di Eius;2011
8556573246;Libro di Nesciunt;2024
9744120054;Libro di Temporibus;1994
5683143581;Libro di Suscipit;1996
5726642606;Libro di Eos;2000
8275679594;Libro di Nihil;1991
5492496998;Libro di Natus;1993
6554972315;Libro di Iste;2013
2849785671;Libro di Necessitatibus;2005
7576309274;Libro di Esse;2001
1730074215;Libro di Dolorem;1995
3934040683;Libro di At;2021
1614685938;Libro di Voluptates;2019
8034746821;Libro di Dolores;2019
8750840032;Libro di Itaque;2008
1678500147;Libro di Nihil;2018
9354723429;Libro di Cupiditate;2009
6369130994;Libro di Omnis;2009
3075362821;Libro di Nesciunt;2005
8298348088;Libro di Modi;1991
8122042835;Libro di Maxime;2007
9624715092;Libro di Asperiores;1993
8495457335;Libro di Nemo;2008
8739238825;Libro di Vel;2004
3734252963;Libro di Laboriosam;2006
4600630513;Libro di Error;1996
3776011793;Libro di Ea;2009
8682023540;Libro di Soluta;1992
7784217828;Libro di Facilis;1998
6562457052;Libro di Odio;2016
1754368373;Libro di Consectetur;1998
6001680218;Libro di Sunt;2020
9033293776;Libro di Quod;1997
1323408297;Libro di Totam;2004
9503787171;Libro di Atque;2013
2694684834;Libro di Porro;2006
3304560537;Libro di Reprehenderit;2019
2595467139;Libro di Soluta;2004
3024977737;Libro di Tempore;2010
9861449701;Libro di Quibusdam;2019
2753617371;Libro di Aut;1998
5454792171;Libro di Quam;2021
1498733671;Libro di Cupiditate;2005
5877639950;Libro di Magnam;2019
7615076397;Libro di Laudantium;1999
9097790557;Libro di Magnam;1996
8875651818;Libro di Fuga;2016
2201474778;Libro di Adipisci;2013
6228133486;Libro di Occaecati;2018
5082603360;Libro di Veritatis;2013
8239941612;Libro di Autem;2024
8064477344;Libro di Quaerat;1993
7004964045;Libro di Nisi;2002
5158416864;Libro di Sed;2019
9983668939;Libro di Autem;2003
1091729577;Libro di Accusantium;2011
3424843951;Libro di Error;1994
3380304322;Libro di Totam;2003
6295689007;Libro di Ipsam;1999
3559721644;Libro di Labore;2007
1749459431;Libro di Fuga;1991
1566090561;Libro di Impedit;2012
2390587865;Libro di Tempore;2001
2139744790;Libro di Voluptatibus;1998
8480622107;Libro di Error;2023
5567946981;Libro di Reiciendis;2018
8636525027;Libro di Assumenda;2022
3549776132;Libro di Fuga;2018
3163970710;Libro di Repellendus;1992
6590459705;Libro di Voluptate;1991
7019900273;Libro di Aut;1996
9202102595;Libro di Culpa;1994
4862321353;Libro di Eveniet;2010
3612617557;Libro di Dolorem;1994
5836956044;Libro di Iste;2010
6561543484;Libro di Autem;2022
7895255573;Libro di Esse;1996
4717261214;Libro di Quam;2017
6276339732;Libro di Aliquid;2011
8848705807;Libro di Asperiores;2015
5703357871;Libro di Accusantium;2017
6389710636;Libro di Voluptates;1999
3036965074;Libro di Accusantium;1995
4572433066;Libro di Occaecati;1995
2854895521;Libro di Nulla;2013
4486522557;Libro di Eius;1993
5819946657;Libro di Aliquid;2012
6636925105;Libro di Enim;1996
1913706213;Libro di Vero;2020
5759761714;Libro di Cumque;2013
3391179068;Libro di Natus;2007
1124352982;Libro di Neque;2007
6754503097;Libro di Molestiae;1990
8118240999;Libro di Recusandae;1994
1131671246;Libro di Sunt;2023
6218955985;Libro di Ipsam;2016
7243361127;Libro di Accusantium;2000
6884333221;Libro di Molestias;2010
1225953184;Libro di Sequi;2000
9803662851;Libro di Doloremque;1995
6463640105;Libro di Aliquid;2017
7193532615;Libro di Accusantium;2007
3200510647;Libro di Numquam;2012
2846465000;Libro di Et;2008
7842459488;Libro di Repellendus;2023
8160279830;Libro di Quos;1992
6242086783;Libro di Quas;1993
1033015788;Libro di Repellat;2009
5060136033;Libro di Suscipit;1998
8577013359;Libro di Aperiam;2008
2409274786;Libro di Quaerat;1990
2849649210;Libro di Eveniet;1998
4022245086;Libro di Ad;2022
2521136431;Libro di Amet;2015
5476654128;Libro di Numquam;1991
